,calories,protein,fat,sodium,fiber,carbo,sugars,potass,vitamins,shelf,weight,cups,rating
min,50.0,1.0,0.0,0.0,0.0,-1.0,-1.0,-1.0,0.0,1.0,0.5,0.25,18.042851
25%,100.0,2.0,0.0,132.5,0.75,12.0,3.0,40.0,25.0,1.0,1.0,0.67,32.932466
50%,110.0,2.5,1.0,180.0,1.75,14.5,7.0,90.0,25.0,2.0,1.0,0.75,40.253086499999995
75%,110.0,3.0,2.0,212.5,3.0,17.0,11.0,120.0,25.0,3.0,1.0,1.0,50.78084725
max,160.0,6.0,5.0,320.0,14.0,23.0,15.0,330.0,100.0,3.0,1.5,1.5,93.704912
